{"assets/fonts/BebasNeue-Regular.otf":["assets/fonts/BebasNeue-Regular.otf"],"assets/fonts/Cinzel-VariableFont_wght.ttf":["assets/fonts/Cinzel-VariableFont_wght.ttf"],"assets/fonts/GoldencoastpersonaluseItalic-7BR0w.otf":["assets/fonts/GoldencoastpersonaluseItalic-7BR0w.otf"],"assets/fonts/PlayfairDisplay-Italic-VariableFont_wght.ttf":["assets/fonts/PlayfairDisplay-Italic-VariableFont_wght.ttf"],"assets/fonts/PlayfairDisplay-VariableFont_wght.ttf":["assets/fonts/PlayfairDisplay-VariableFont_wght.ttf"],"assets/fonts/Quantum_Lemon_Bold.ttf":["assets/fonts/Quantum_Lemon_Bold.ttf"],"assets/images/background_point_portal.jpeg":["assets/images/background_point_portal.jpeg"],"assets/images/point_portal_background2.jpeg":["assets/images/point_portal_background2.jpeg"],"packages/cupertino_icons/assets/CupertinoIcons.ttf":["packages/cupertino_icons/assets/CupertinoIcons.ttf"],"packages/esc_pos_utils/resources/capabilities.json":["packages/esc_pos_utils/resources/capabilities.json"],"packages/fluttertoast/assets/toastify.css":["packages/fluttertoast/assets/toastify.css"],"packages/fluttertoast/assets/toastify.js":["packages/fluttertoast/assets/toastify.js"]}