[{"family":"MaterialIcons","fonts":[{"asset":"fonts/MaterialIcons-Regular.otf"}]},{"family":"Golden","fonts":[{"style":"italic","asset":"assets/fonts/GoldencoastpersonaluseItalic-7BR0w.otf"}]},{"family":"Quantum_Lemon","fonts":[{"style":"normal","asset":"assets/fonts/Quantum_Lemon_Bold.ttf"}]},{"family":"BebasNeue","fonts":[{"style":"normal","asset":"assets/fonts/BebasNeue-Regular.otf"}]},{"family":"PlayfairDisplay","fonts":[{"asset":"assets/fonts/PlayfairDisplay-Italic-VariableFont_wght.ttf"},{"style":"normal","asset":"assets/fonts/PlayfairDisplay-VariableFont_wght.ttf"}]},{"family":"Cinzel","fonts":[{"style":"normal","asset":"assets/fonts/Cinzel-VariableFont_wght.ttf"}]},{"family":"packages/cupertino_icons/CupertinoIcons","fonts":[{"asset":"packages/cupertino_icons/assets/CupertinoIcons.ttf"}]}]