{"assets/fonts/BebasNeue-Regular.otf":["assets/fonts/BebasNeue-Regular.otf"],"assets/fonts/Cinzel-VariableFont_wght.ttf":["assets/fonts/Cinzel-VariableFont_wght.ttf"],"assets/fonts/GoldencoastpersonaluseItalic-7BR0w.otf":["assets/fonts/GoldencoastpersonaluseItalic-7BR0w.otf"],"assets/fonts/PlayfairDisplay-Italic-VariableFont_wght.ttf":["assets/fonts/PlayfairDisplay-Italic-VariableFont_wght.ttf"],"assets/fonts/PlayfairDisplay-VariableFont_wght.ttf":["assets/fonts/PlayfairDisplay-VariableFont_wght.ttf"],"assets/fonts/Quantum_Lemon_Bold.ttf":["assets/fonts/Quantum_Lemon_Bold.ttf"],"assets/fonts/Quicksand-Medium.ttf":["assets/fonts/Quicksand-Medium.ttf"],"assets/icons/Vegas_membership_I-1.png":["assets/icons/Vegas_membership_I-1.png"],"assets/icons/Vegas_membership_I-2.png":["assets/icons/Vegas_membership_I-2.png"],"assets/icons/Vegas_membership_One+-1.png":["assets/icons/Vegas_membership_One+-1.png"],"assets/icons/Vegas_membership_One+-2.png":["assets/icons/Vegas_membership_One+-2.png"],"assets/icons/Vegas_membership_One-1.png":["assets/icons/Vegas_membership_One-1.png"],"assets/icons/Vegas_membership_One-2.png":["assets/icons/Vegas_membership_One-2.png"],"assets/icons/Vegas_membership_P-1.png":["assets/icons/Vegas_membership_P-1.png"],"assets/icons/Vegas_membership_P-2.png":["assets/icons/Vegas_membership_P-2.png"],"assets/icons/Vegas_membership_V-1.png":["assets/icons/Vegas_membership_V-1.png"],"assets/icons/Vegas_membership_V-2.png":["assets/icons/Vegas_membership_V-2.png"],"assets/icons/happiness.png":["assets/icons/happiness.png"],"assets/icons/happiness_1.png":["assets/icons/happiness_1.png"],"assets/icons/happy.png":["assets/icons/happy.png"],"assets/icons/logo_app_yellow.png":["assets/icons/logo_app_yellow.png"],"assets/icons/sad.png":["assets/icons/sad.png"],"packages/cupertino_icons/assets/CupertinoIcons.ttf":["packages/cupertino_icons/assets/CupertinoIcons.ttf"],"packages/esc_pos_utils/resources/capabilities.json":["packages/esc_pos_utils/resources/capabilities.json"],"packages/fluttertoast/assets/toastify.css":["packages/fluttertoast/assets/toastify.css"],"packages/fluttertoast/assets/toastify.js":["packages/fluttertoast/assets/toastify.js"]}